09:45,《Next Level》,0
12:04,枝江gamer们的自我介绍,0
13:04,本次游戏的最大奖品竟然是她？,1
14:12,四位参赛选手的赛前采访,0
15:44,分 赃 现 场,1
17:46,晚晚激情开麦说嗨嗨,1
18:34,人脉战士王向晚竟遭众人嘲讽？,1
20:56,游戏开始！兴高采烈的晚与生无可恋的拉,0
22:58,好帅的漂移，芜湖~,0
24:10,王向晚我恨你像块木头！,1
26:05,赢or输？嘉晚饭的奇妙叠加态,0
27:10,枝江gamer争霸赛原来竟是晚导策划的一出好戏？！,1
30:37,晚晚锐评王嘉然,0
30:47,私下吵架扯头发？AS疑似队内不和,1
31:37,今晚的消费由晚公子买单！,0
33:39,乃老师的高情商yygq小技巧,1
34:33,雪球大乱斗之奥斯卡之夜,1
36:30,贝拉怒锤乃老师,0
38:13,一 口 气 全 按 错,1
39:50,三陪玩折磨王向晚，晚公子有嘴说不清,1
41:35,玩游戏哪有玩向晚好玩——坏女人,1
43:04,大摸特摸！拉姐上下其手ing,1
46:27,拉姐说了啥竟让晚公子气急败坏？！,0
48:12,双料高级特工王贝拉，参上！,1
01:10,拉姐乃老师激情互殴中,1
05:17,绿啦！绿啦！王向晚绿啦！,0
06:22,四小只勇闯十字路口！,0
08:04,什么女海王（建议配合弹幕版观看）,0
10:12,枝江情报局新情报——拉姐竟有全团最深的近视度数？,1
11:01,激素刀战房速来,0
13:50,谁才是真正的枝江大法师？（乃老师:已经……回不去了）,0
16:05,AS游戏回的直播间里竟然传来了奇怪的声音？,1
20:19,拉姐的分奴嘴脸一览无遗,1
23:41,超过第二名是第几名？然然的脑筋急转弯晚晚能回答正确吗？,1
24:15,小气礼物居然发展成偷家大战？,0
26:33,王 嘉 然 科 三 驾 考 现 场,1
28:16,然然竟在赛车游戏里练习舞蹈？！,1
30:40,卧龙凤雏齐聚一堂！AS的驾考分析大讲堂,1
35:23,乃老师参加这次大赛的原因竟然如此？！,0
36:47,猪猪小晚哼哼唧唧ing,1
37:14,无 语 小 然,0
38:13,徒弟~啊！我徒弟呢！,0
39:46,论晚指导的反射弧到底有多长,0
45:10,前有隐藏道路，四个麻瓜的摸黑过桥,1
47:31,四小只与她们的动物朋友们,0
49:32,枝江飞行员申请出战！,0
51:11,鹅鹅鹅鹅鹅鹅鹅鹅鹅鹅鹅鹅,1
53:30,战神乃琳绝地反超！,0
56:12,师徒二人的“当然了”游戏大挑战,1
59:42,又到了白色相簿的季节,1
1:01:26,广场舞领舞晚老师给大家带来一首《单眼皮女生》,0
1:09:27,锅里没有鱼＝没有鱼＝“无鱼”猫猫，论证成功！,0
1:14:03,乃老师的肉体又又又又被照亮了,1
1:17:50,鱼哥鱼哥你不要退役啊,0
1:19:35,嘶——,0
1:20:31,《欧若拉》,0
1:24:47,大家，晚安啦,0
